ID_Cliente,Edad,Ingreso_Mensual,Genero
1,46.03341312274233,2812419.043593799,F
2,61.556329875123566,832327.8206449493,Otro
3,48.472946965781574,2694335.5511627975,M
4,37.0878246782556,5412067.156427523,F
5,,4598927.7035214035,m
6,54.7600068726298,2750938.2006420833,m
7,28.423534890991423,,M
8,59.54162265726786,1729590.0396142183,Otro
9,36.587384204721886,4883009.412503016,m
10,59.0869848714142,6108540.535227774,m
11,150.0,2249793.0364251067,f
12,38.3560541266905,1603843.8435815556,F
13,33.76724353808648,1635789.4185976868,Otro
14,35.90910547184704,,F
15,45.13980030850285,4755835.953885227,Otro
16,40.9258779546126,3597636.801913417,m
17,32.87426310317554,4117135.277200058,f
18,38.01242307618841,3544768.9718358135,F
19,40.942924356629796,5791208.566318318,m
20,14.455190867022253,4525573.978406331,Otro
21,45.498017377464386,6781428.822903608,F
22,28.243345303398318,4427207.0234224545,F
23,26.16001116153106,,m
24,19.751867834671476,2683542.7288646074,F
25,18.473290025585317,2336232.388492866,f
26,23.73462996265253,1345413.9382656803,f
27,31.491748508434114,4820551.98121378,m
28,63.43910965031882,5110470.027875921,Otro
29,33.689443889257554,2602571.1575614396,m
30,42.13300127521637,5574045.976891339,f
31,44.80577663807594,3920326.7379798726,M
32,41.572782234590186,4676151.614382659,M
33,39.070678471288076,,F
34,25.656474836809064,1598277.3882557873,F
35,57.41113057935054,2015922.2697343174,M
36,61.68635972365462,757219.8134815141,f
37,19.80809567052777,,F
38,27.711656909363445,3637016.016909096,m
39,36.642275891475926,4246643.713406767,m
40,28.425546461077705,3315384.5674185795,f
41,46.07158664147038,4342491.639489234,F
42,31.260733571120642,4592222.259550522,m
43,65.98067281367923,4230172.821830306,F
44,54.286583132123155,1318580.7197801706,F
45,42.55088836758658,4702385.606360073,m
46,52.32383515983679,5030328.77948329,M
47,53.27080509228771,3191521.1070685848,m
48,33.23263014330108,6193118.855695524,f
49,30.205393065496423,4381694.241258886,Otro
50,40.93771675563577,4522619.547533818,m
51,50.33963349397533,,F
52,41.668724783841014,,F
53,21.076042213708035,997929.616623966,m
54,30.366106672589893,1116101.2174479358,Otro
55,39.11232563686746,,m
56,39.092012748090035,1617107.3662682604,Otro
57,63.6705061214777,3127528.551215206,Otro
58,23.368144691212024,4630271.646931827,f
59,46.067070902030494,,F
60,57.86935729993947,4250259.771272952,F
61,67.25739694507355,4345754.986273283,Otro
62,35.14723092179246,2241781.145402833,F
63,45.8971534326424,938638.9892188507,M
64,46.83712428638376,4611413.881369338,Otro
65,42.34578077863949,4691827.67039688,F
66,38.813857585128325,3266789.83088885,M
67,45.231704674000554,,f
68,9.613046977363776,2727650.069955447,F
69,48.184833880751576,5663348.640632085,M
70,41.51413484394361,1234501.5224990912,m
71,37.330301238660816,1188429.736787618,m
72,64.56234634863469,6630373.071131415,M
73,31.900791774513372,3067635.801892224,Otro
74,35.16308813121963,2094508.2655537757,Otro
75,63.89863962645681,5700698.781651574,F
76,30.01526434180172,3695255.7491080263,m
77,33.398616604761536,1083822.2134478856,Otro
78,,4199944.182481256,Otro
79,50.08881378555459,4846432.355135828,m
80,42.49363008823976,4812386.2065254655,f
81,,1601461.5104256498,Otro
82,33.61397724247372,5472969.927791739,M
83,32.711746801453465,5452186.464662655,F
84,39.07334745732345,2401761.632114183,Otro
85,45.11012390355795,6065208.291453783,Otro
86,45.01846907065566,2505009.614357191,f
87,18.687858951419173,5739055.445209988,M
88,52.767291850730274,5852046.164193099,F
89,43.03082615195948,1829272.1363364153,Otro
90,56.61438457112688,4007022.8544544983,F
91,45.33037992748806,3173154.397816877,m
92,53.21587549282914,4242094.763653518,Otro
93,45.59854373740152,810340.3859927364,Otro
94,56.15470907443298,5435592.638723208,m
95,,1483436.5135631014,f
96,38.825017042685154,6174820.572947947,Otro
97,67.26921664536258,3825398.3681060374,F
98,50.66844546735871,4248933.751506566,M
99,46.88493305205296,2479874.1693348596,F
100,24.68434700153997,3532955.9202045733,f
101,24.540308590437547,5657821.959716949,M
102,43.51258578570224,,F
103,41.74625437321889,3018781.3537440933,F
104,32.630529219900204,3789042.8890165268,m
105,41.69179239534472,1840945.7448131556,f
106,59.06352313652315,4836193.390583528,m
107,48.34482969460358,3528475.7760940245,M
108,,1320353.9546064704,m
109,38.661894074284675,3931392.7835149006,f
110,30.340402229769268,4482657.274946065,Otro
111,35.34760100309727,5155541.09760444,Otro
112,35.03661201244429,4507706.723773126,M
113,34.26825300875194,2033337.344794577,Otro
114,24.938375536319263,,m
115,38.468143821781716,4393964.448953598,M
116,33.27270835783228,1824354.9437948214,f
117,4.846615719972782,1416440.9598415727,M
118,64.63566429401996,6418376.604605661,M
119,53.06523585060006,2103254.4832541784,F
120,35.48439130090005,4145423.6183650075,F
121,40.22582859688718,1684336.6544364505,M
122,25.940147832189258,1303330.5938363196,Otro
123,60.34867453373038,5907749.56510397,F
124,62.76746433727734,4943570.630637713,f
125,41.88032473895829,4371237.427194926,m
126,52.28236773022414,5037260.310972333,F
127,42.10344134720709,820071.9295100403,M
128,23.959294733488832,1873126.7830136104,Otro
129,35.05811957243611,3067289.9923211336,m
130,41.583135601263486,4671531.713716448,F
131,34.54542737507867,,Otro
132,37.37616067077957,7177560.175431159,Otro
133,38.90320530989062,5265661.321728908,Otro
134,39.02945802561447,,M
135,40.6271018859698,1452352.233806524,f
136,27.27273920324079,3848791.440319174,Otro
137,31.395806210464766,3554659.497710113,m
138,,3754982.882098661,F
139,51.7337865962344,4298227.417698253,m
140,14.732236697916107,1597044.9964491539,M
141,53.84308411980311,2036815.8749298858,M
142,56.63619276715412,5397492.307341041,m
143,36.373832956208545,3212708.3691122327,f
144,8.762354946072417,4787096.236933379,M
145,35.66427325639251,6988899.203699968,M
146,39.22979006453417,3396738.490096292,m
147,27.872821360853038,1463654.9727044043,M
148,33.81737927430109,4156794.9337438666,f
149,58.36234238636021,5821151.561998285,f
150,47.979125947620894,6850016.945064712,f
151,28.9052306274628,1222400.2366534008,F
152,20.828809964854813,5096039.067883826,f
153,36.07579218868275,3941627.451863936,f
154,37.438518647794744,4372861.974835037,F
155,45.95439024835979,1720007.2250266662,Otro
156,33.576199449188096,2696435.605925816,M
157,46.137994904342335,,f
158,63.22184848072275,1854178.2236496767,M
159,49.78601226933115,5802943.589927217,m
160,39.422937912030726,4617579.784165075,M
161,37.80219434736046,,F
162,35.71992238984154,4030021.719093851,M
163,54.16769094942573,4822952.329494129,M
164,32.472238648584366,4088169.2694031075,M
165,40.54267250799979,5245886.267827261,Otro
166,40.614374822573026,964957.6168369238,Otro
167,33.978589686261614,,m
168,23.53041342539079,4464884.623578026,F
169,43.87569404341202,5851260.300926602,M
170,39.267952337735395,,M
171,46.00288563323884,2372361.0381517424,M
172,33.59679632273,,M
173,54.64985558575657,3413121.238964857,Otro
174,29.47871462545786,,m
175,60.54448340821471,3785206.44714781,f
176,19.02836188206086,6149325.71180498,F
177,45.21724077468269,1937190.9432255651,M
178,45.70516819031948,,m
179,30.45331518470941,1784883.640116102,f
180,45.092727254332154,4767886.696954992,m
181,55.35422403712191,4434127.1992604565,Otro
182,13.398173927751227,4842664.889829189,f
183,46.03293768988978,1598260.584850735,m
184,10.08075015603907,1854501.8787942561,Otro
185,28.412022357721504,5166725.359204138,m
186,59.54999637881134,4607496.817506298,m
187,33.01861559929535,1161803.8489703652,f
188,25.91344042709233,4318472.059615786,Otro
189,37.624747252183816,4266110.063576782,M
190,64.81487605796262,5860524.116240477,F
191,18.019813033527686,5212268.066737034,f
192,27.384281060327865,1159474.1712625595,Otro
193,57.96918019815551,1920321.774494362,m
194,62.29242812245279,4733683.43366253,Otro
195,38.75882530851659,4477549.492264923,F
196,25.13136756968029,4033777.8562933374,F
197,65.1501220217099,5848935.263983216,M
198,59.13330870099036,,M
199,48.1473638531468,708048.5882571384,F
200,30.25117181275096,1880207.3280721488,f
201,39.41164790994356,3334011.918550457,f
202,38.07567902746203,2844458.202253283,m
203,43.97021565538693,3747939.330492042,M
204,57.41201725757603,,m
205,50.55300449364884,5643750.0544513045,M
206,27.0714870761829,5115702.504116751,F
207,56.51795740023445,5370114.944217596,f
208,43.75758568015787,5119413.94453795,f
209,48.244789550307,3730222.085732457,F
210,57.598490311343234,5018307.053608729,m
211,26.661037005837386,5460491.430273219,m
212,39.57009305552244,5405149.595776289,Otro
213,33.62254538368942,,M
214,21.18568689561453,5349964.6166412765,m
215,44.160519731259036,4921737.8490499,F
216,70.13867861901309,,m
217,17.919067065930967,4468174.488901128,f
218,39.61263266740636,3441750.418526739,M
219,47.68651522089728,,Otro
220,41.47693841987417,1786291.3906780793,M
221,38.64246336981112,3689786.070030742,f
222,24.409403638650108,,f
223,42.79344091528196,3549096.0948000466,f
224,30.91883227580888,4130446.1644331515,f
225,13.720939540257362,2227662.399655457,F
226,54.33510664616477,4755952.448847527,Otro
227,51.50062983810451,1947596.610013866,f
228,40.61993172221296,3519493.6427181712,f
229,42.748896258468434,2024776.3576596675,m
230,52.891816152586735,5625084.165151871,Otro
231,42.69207588133699,2158697.032817163,M
232,50.84821065713577,3584730.265720543,Otro
233,36.4302135895138,3577029.180255242,Otro
234,55.74380486288736,3372116.278669362,Otro
235,43.8494287111922,,f
236,42.32862332327049,,f
237,24.759266935455614,4182582.190427267,F
238,43.443470251620504,2095365.1627118958,M
239,30.016540990066588,5262501.6362510715,m
240,,3012889.9261758327,Otro
241,30.215492460206548,1761417.7440177498,M
242,27.2051808172093,1213149.9980307105,M
243,65.49725683620355,1487822.7038695086,F
244,55.976068743860836,2929415.521057065,m
245,63.04441002573114,876585.4130150096,Otro
246,25.325259765333232,1718161.8348370162,m
247,40.85504499893071,6660613.4178130245,F
248,24.47790849755085,1560015.6633591307,f
249,31.65166147363523,1806758.9863652084,M
250,28.982476199001102,988603.7174007972,Otro
251,54.87500807729874,5468547.115964772,f
252,35.24524386277888,3331744.5603546374,F
253,52.82055200432819,1699611.5613026395,m
254,47.249450675062214,5106564.190999952,M
255,67.64366502525746,5772251.888998656,Otro
256,22.246669322323314,7811592.046693293,f
257,55.11079887744159,887117.1684988295,f
258,53.75729044480873,3889243.6491510016,M
259,28.319453943675583,4469310.825369607,m
260,52.085600037677914,2377108.914133058,F
261,44.03373955631474,3666344.24269313,m
262,37.2702848805591,1270557.86856553,m
263,,3871093.9224784886,m
264,31.37068658260977,4682825.846440466,M
265,64.59774514943112,1413686.35002959,M
266,40.00819382748979,5845236.800789366,F
267,49.38556001837751,4500248.477901837,m
268,30.509207419989362,4488839.614633663,M
269,30.641764645340334,4106526.3401844986,F
270,52.983817710999304,4686228.820630775,F
271,23.805085461381616,1187218.6492452351,m
272,35.01743478513674,1697901.7667187045,Otro
273,40.40832893286679,1747015.0931413693,m
274,41.33647122208063,,Otro
275,37.85088057980612,2884954.891832142,F
276,44.74983737315108,3516890.5683342027,M
277,48.31426906981374,1487222.9645042773,f
278,48.81565054551196,5549267.016855273,F
279,28.17035429598608,4815073.594802311,M
280,36.590138824854435,1314692.833956947,F
281,54.33715434252325,1885849.3553241724,m
282,50.73576625088647,4335153.853920724,Otro
283,23.525686582227234,4968557.819914668,F
284,44.21775880422642,4376133.896481005,M
285,16.26129700750228,4818434.819279554,m
286,40.56321882472444,3800689.6108661015,f
287,62.773204200951724,1573419.4100682852,m
288,28.625287392772165,4338865.005376435,Otro
289,29.988123454101014,6207297.763319928,m
290,49.16835737887431,,f
291,21.48638181748425,5658476.981509405,M
292,32.40693964137953,5983356.8661674615,F
293,47.15729365098103,1538410.9455301277,Otro
294,32.38856982772716,4736778.848886714,f
295,37.16836015346834,3758817.7254787795,Otro
296,48.930228523780414,4120712.5727675403,m
297,45.058553002438735,721709.0506701245,Otro
298,43.20182075554482,5944661.324602579,f
299,35.93053264875954,4332664.4691828005,F
300,44.44073338322747,,F
301,38.51520783880292,4500633.550627916,Otro
302,45.49366731910942,5221448.098714938,M
303,34.03681569858426,2767374.22063975,Otro
304,37.80917230744551,1744582.8562353144,m
305,28.120506489375835,,F
306,39.57990867992517,1715020.8235955348,F
307,30.267989636453862,,F
308,26.63144259805608,4322663.617419034,M
309,43.10393377426466,1370478.9270896486,M
310,42.552877310291926,6242961.041364894,f
311,49.39448481938287,4892093.717522783,Otro
312,34.82649316509881,4860569.231532995,Otro
313,44.89663416204107,5246648.572852082,m
314,46.609570867283956,1525972.9429036498,F
315,45.33728569397914,1866320.0386077897,M
316,30.092155806374294,4409082.856157448,m
317,,5304576.740689455,m
318,,3213771.3203518135,M
319,40.0861416028953,,Otro
320,14.962268099546982,,F
321,,4951691.43131702,Otro
322,66.55037247276691,3417538.134770987,m
323,35.67952877491621,3456404.302470367,F
324,31.263074825736147,5850521.741297724,f
325,44.48018271653678,2054091.4083687584,m
326,43.74853852559886,6471207.543907156,Otro
327,54.31282198499697,3419255.1184225576,Otro
328,24.905582129093347,5266070.31073006,Otro
329,48.77656303089991,4105657.8291012184,M
330,47.08506473501756,5223824.9172988115,m
331,38.294241556713445,3847063.1974629685,F
332,,1608716.4365898613,Otro
333,52.353489779180286,4549103.010474865,Otro
334,50.4677845603414,3297375.0530622327,M
335,26.283768255115255,5388989.214504152,F
336,49.84189824106581,3884143.7202340974,m
337,39.22373673960978,2701707.7926191376,f
338,40.87448917618619,3306780.750469785,M
339,40.87836389202033,1425199.609445627,m
340,38.197084134420884,4270766.6848797975,f
341,54.30048996528478,,Otro
342,38.99538448180945,5441525.145477629,Otro
343,26.565446459401976,4476887.544318726,F
344,35.27764172836326,,f
345,42.144336601725705,4526959.0713744555,Otro
346,54.750577411564606,5156542.938210252,Otro
347,47.237136219386,3083024.621629386,F
348,29.793576655035473,5837186.033602647,m
349,69.8222790001467,5358457.578529493,Otro
350,43.177303731735755,5361822.870849522,M
351,55.304688855988175,5026170.886571673,M
352,38.17942679707325,1710960.3771176424,m
353,46.400310936465395,,f
354,50.073622054220856,5210176.960489654,F
355,54.61833654105107,4075151.1468707714,M
356,52.6884196645387,3811677.872523719,M
357,50.466364000875735,4622227.554314384,m
358,36.218959225670694,6358824.181794225,f
359,33.13904749652726,1798700.034924929,f
360,43.99129012389037,2738969.6810970716,m
361,51.19753686809283,4697713.009483821,M
362,37.32735159068071,4561065.242227222,F
363,52.78206358857264,4708009.997244489,M
364,57.431400945834156,4792743.8374902,f
365,29.004148971118966,1413464.087858065,M
366,29.956951554444643,6287836.126322499,F
367,38.315499293135964,951862.4565523991,Otro
368,43.69135201827036,779974.5587028528,M
369,33.70519583479539,4376094.287821144,m
370,56.226432146405735,2528173.4266149993,Otro
371,45.08880233822141,4288974.714681515,m
372,40.47336457888888,6493764.198873621,m
373,22.76908571357767,4525063.785955154,m
374,24.210210202869916,,M
375,43.372111003381676,2987802.281792904,f
376,,3760366.3103526267,Otro
377,52.15164891572886,,F
378,38.10215386753216,4118741.8838925185,f
379,,1990882.743495797,M
380,67.69499500739333,5169229.272870149,m
381,37.8226111690298,3166250.4516755617,F
382,,4795805.734118406,Otro
383,51.94697816802436,5097866.098196142,f
384,60.43807131901645,677300.6265215542,f
385,20.343651310767797,6396648.823882048,F
386,18.56349441574376,2719876.2031696364,M
387,32.53558233334742,3526970.9865475944,Otro
388,46.992850998086375,2990906.56930246,F
389,45.96248308609117,1797377.170832643,m
390,52.8372574598062,1926707.779390154,Otro
391,25.603629659616303,1879464.2948933823,f
392,12.206273644373482,4408858.771628973,F
393,50.29617034362575,4116182.972094187,f
394,30.061644724417185,1468703.436050239,f
395,15.778145627336343,3497828.5180439726,f
396,41.74076495151258,,M
397,49.518108258624125,653521.5929023073,f
398,38.53531441454467,4721688.694674869,m
399,34.505819365810126,1005704.4464245413,m
400,38.08765321424912,948205.3413921145,Otro
401,35.5530068511906,4271953.157998207,f
402,23.823434656717993,2196001.1431722995,f
403,31.423831876114818,4283529.981885111,F
404,46.25535886016577,714749.6981884114,M
405,43.860142496518,1845765.7064045917,Otro
406,42.016717671601846,1970385.593994108,f
407,28.058218217759446,2791251.417059826,F
408,37.821962054371994,,M
409,13.875219442685744,1775026.049512276,Otro
410,42.14171996662468,,Otro
411,57.14629249376281,2582250.777739503,f
412,22.310414415494733,832987.2525408978,Otro
413,32.96886792018694,1199316.178024393,F
414,43.94928134452155,2864191.1944886274,Otro
415,55.0341116131298,4727647.401132475,m
416,34.621304604398205,3705621.3866440696,F
417,31.692996048809242,5011064.647431643,M
418,16.372922291007,,M
419,41.241257551697274,3730215.7091468284,f
420,,2182070.214986922,f
421,43.32830154357611,1562612.2513239535,m
422,39.73265224979544,1285297.2294373736,M
423,43.864987729203825,5363709.530577819,M
424,39.86689595261677,2948072.4505546037,M
425,30.24382753287844,3352276.3478183895,M
426,49.879358988132466,5066887.533456453,Otro
427,,,F
428,40.21135902320389,1168549.541224526,F
429,28.295607672661,4124330.3633722146,m
430,55.64209518321711,,Otro
431,,2999510.719236339,M
432,33.36494995159238,1153547.4011020465,M
433,52.02189824418325,5558799.67478809,f
434,34.02914993937751,3957491.6006003036,f
435,30.615958089867554,3935949.4226885983,m
436,30.883562590236554,4819053.875582458,M
437,18.747177362942907,,m
438,45.658508565018465,1639497.081111901,Otro
439,18.026261459939796,7019666.146999818,F
440,25.258674024810848,4203569.1591048045,M
441,15.092943891057601,4069991.817574533,Otro
442,38.96716368650928,1654910.3551135138,M
443,,5393030.365799923,f
444,36.07964544176363,4282530.992138277,m
445,27.489067663953087,1407356.170561146,f
446,25.933194958760318,1435089.650133287,F
447,45.57243836255889,1521905.7359895548,f
448,33.393376819498144,1426498.9991857558,M
449,43.796299858433734,2260152.0583672603,f
450,29.37701576650933,5709016.427804307,M
451,42.172752913252985,1221254.1074960832,F
452,,,f
453,47.0339896047134,2135875.4187457976,m
454,35.05103418140224,2789854.668827159,m
455,43.08638764427113,3046593.6848630626,m
456,37.112017905637444,5376916.94287983,f
457,40.09456221633674,4517127.681403721,f
458,36.09266737421795,3355272.696724026,f
459,38.027977529375306,4011556.424487863,M
460,42.5451202368901,5323582.148348041,F
461,28.079695605016592,4627073.343738281,m
462,27.80945407612026,5201295.576566981,M
463,23.337489354025468,6871728.701418582,m
464,20.79674674595548,2622910.0659467387,M
465,,,f
466,41.91355008164955,4625227.125027856,m
467,29.28654981409739,3421459.142012246,f
468,46.16337357077315,,m
469,40.41656498503074,4273055.53106756,Otro
470,16.377949438743357,722052.1768981863,M
471,47.85970701066028,4346941.055546959,Otro
472,49.72958374710052,1916764.4808044625,M
473,28.073647901981758,2758589.1719381292,F
474,45.0422985147399,1687028.284923786,m
475,29.722021151089614,,F
476,,895179.4906543972,F
477,24.82601911654041,5564264.868116761,M
478,18.48272256958508,3995085.847582736,Otro
479,35.406193724644375,1147494.0721207957,f
480,38.51525264470197,4738737.776155794,M
481,35.22784367662475,5024086.262080212,f
482,25.791633301329288,,F
483,35.201211254426354,5982938.630186585,f
484,43.23153703096881,3214735.5844211415,Otro
485,39.46128363852956,,M
486,42.19001236719056,793142.7515475099,Otro
487,31.958617594549203,2365694.89919218,Otro
488,54.06061497659391,4883582.191102772,M
489,25.885919961342633,1132235.0287051168,Otro
490,45.850723565040624,2118046.5876052184,m
491,54.18269311551954,4917211.7802460035,m
492,45.770897112986745,3915325.723063737,m
493,37.56970927522204,3689150.305006066,f
494,33.66043544004425,4540982.900985629,Otro
495,52.43305181255507,3195304.873364637,M
496,22.924300896859926,3197009.845337778,M
497,28.358508875444276,5315247.939547804,f
498,35.229306814099346,3121447.157809613,M
499,54.85184509014398,1596024.5582450158,m
500,44.55721163249075,1345441.7678987493,Otro
501,28.383450897877054,2429031.925451284,M
502,36.27630753538116,3686922.4171972135,M
503,32.628122270844464,5932931.283656847,F
504,,1978351.158397292,F
505,51.74667470268135,3942714.8852287345,F
506,23.53908244883793,5054473.071902275,Otro
507,59.30537026881248,581897.3134483517,m
508,49.93875628221547,1753995.6634562719,m
509,53.090340047244375,948316.6969130632,m
510,34.4447258556969,6206843.834038209,Otro
511,38.20071137105069,6586679.596557095,Otro
512,22.802178225703457,5674629.660938154,F
513,33.70405111519837,1496964.5442300534,M
514,45.92385817171781,1919245.387225821,f
515,55.552756741376754,3503466.712132122,f
516,26.714118198370578,5127016.926318909,M
517,35.61392875617681,5002077.86506642,F
518,,1354862.7279056744,M
519,23.25052957369018,1633696.1570359515,M
520,47.096190901100805,2696303.6378882183,f
521,31.31211601908869,5762337.141267503,F
522,37.655315785875715,3302327.2472227043,Otro
523,34.57660753705747,1412520.1216522958,f
524,30.52793793136391,1122127.4202535776,Otro
525,39.915460174233345,1768254.9217852016,F
526,37.41268505718373,8231902.267206433,M
527,35.53770541265601,5228067.670963419,m
528,31.258460539835887,,m
529,,5141406.778176661,F
530,59.84340722190742,1737349.1164399763,m
531,41.67864679406953,1487486.520627428,Otro
532,51.95341857893355,1908883.1496001435,m
533,23.317336898158448,2195103.774508657,F
534,41.893137271525234,5097291.706909673,F
535,,1505176.3099216903,Otro
536,22.276900869617183,844081.8838249202,m
537,31.127543110491565,967443.1684623137,m
538,54.302792012962875,3759296.1761436923,M
539,51.400189944035745,,f
540,42.9160566646528,3179814.920433966,F
541,21.60759328132083,1528324.9624485536,M
542,37.64463218334476,5434723.804214537,F
543,43.620400106820824,5049327.439382263,M
544,42.10643475494317,6509390.920017045,f
545,17.874476998231053,4493284.777405145,M
546,29.316185823761536,5302489.986711015,F
547,39.2310668302154,,m
548,,4035480.3570307186,F
549,13.646466146800641,5334645.309078933,Otro
550,38.0545122942417,1799964.3649981022,Otro
551,41.71658523854743,4147239.662802981,Otro
552,50.195343862194555,2109380.925848658,Otro
553,48.31429101084924,2678551.5039830287,f
554,46.990855825705665,4071564.9590320685,m
555,30.400713919576788,1574333.7286010557,m
556,17.10397435452031,5190246.019327879,F
557,35.28336691526319,5100798.865657452,M
558,52.01958190250272,,F
559,56.72145433029318,,F
560,48.526589227573425,3707614.6326318635,F
561,45.15208987362081,5338594.104243042,F
562,44.55567578063159,5005167.533267268,m
563,33.32657503887063,5090422.617591359,M
564,38.43927647735656,3868758.1887989035,F
565,60.02883430991597,1915988.4961545067,m
566,28.689303930497484,5816583.2541044345,F
567,59.377345488518216,3925395.052789915,Otro
568,36.1356621460953,3464669.0831482555,F
569,55.90518530914094,816560.6507922895,F
570,23.118219886029543,4029584.8320970447,f
571,47.03085041397579,5771923.660855946,Otro
572,31.158758368628536,599009.7812099901,M
573,23.01679369690975,5320283.1878405735,F
574,42.62240850893135,2860853.1465593586,M
575,52.11366146315163,1211744.7996366401,Otro
576,29.860702736878043,204478.85392754507,F
577,22.011808474499183,4056867.432904556,f
578,38.89786282798054,1695902.0027012732,m
579,38.950776054673824,2368517.7205220163,f
580,46.57983553065398,4990383.373776806,f
581,51.39513485637386,,m
582,39.28701782473007,1789645.7498005442,m
583,,2673168.976538531,m
584,42.6908169344235,5835226.04998791,F
585,35.842881927917205,3744883.9275686536,M
586,20.661191690766067,6340473.251899799,M
587,36.84808575620599,3857038.2443372426,m
588,35.96335665506636,2451170.450888464,f
589,51.523657555377646,3160170.6720616096,Otro
590,45.54980348880225,5982973.944008327,m
591,25.847570540408594,4312922.186476,f
592,42.06705263693245,3842055.244211279,f
593,48.05837406074864,4692021.871023345,F
594,58.336376312654,5102139.283401054,F
595,50.65004760896871,2235585.163746804,M
596,49.13015985173773,6238199.075871511,M
597,40.721031935381966,,Otro
598,,2908742.776701554,Otro
599,54.99405880847391,4003841.806652069,Otro
600,24.0066712302442,4812336.607899463,Otro
601,35.80672807339653,3343489.288547267,f
602,30.72917501492511,3351418.9021259486,f
603,44.54983742471349,4912545.457859863,M
604,54.76266610780945,4441617.178115459,F
605,32.83630855934712,4539356.394493904,F
606,11.316347590366746,3589805.5983599164,m
607,35.05335105970636,4223519.142953079,f
608,50.96168478420888,3390920.2268780344,Otro
609,46.45155883539856,5568238.093349745,Otro
610,45.13823497372691,5742299.201668503,m
611,36.640080377506244,2284574.565314288,F
612,24.651631165362563,1161142.3151239469,Otro
613,46.18353185949361,2704164.893891905,F
614,29.988618279584504,3719971.278711722,m
615,66.20916080056547,1317339.2243439457,F
616,46.84608650025419,1592340.1529324541,F
617,33.032220369352586,,F
618,32.66337703133646,3295251.1535022017,Otro
619,38.88466952063694,2100206.9539722125,M
620,37.125976935739004,4583213.2044435,f
621,53.40200530635945,3633914.935995296,F
622,42.23699403692856,4712185.046567278,F
623,31.220419133097664,3843983.8984952816,F
624,62.68528822186939,4174013.8676087363,M
625,40.59169997824267,,m
626,49.22607611162676,6108553.2621484175,Otro
627,32.701281910662885,,M
628,44.35738753293428,5495678.901455009,F
629,43.733319893718345,5473675.8653899105,M
630,17.324208494846165,3122084.0534968586,M
631,,5482533.172505833,M
632,55.48773353107057,,m
633,35.23365620624815,3152946.2325067036,f
634,,3398996.614782884,Otro
635,44.170739365642625,5721193.7602122035,m
636,41.040372392972756,,m
637,44.26802738275875,5161771.530287428,f
638,42.298928754329076,4908707.059680596,m
639,46.07489187167111,4968835.105113774,M
640,57.367668392701674,,M
641,46.81723846154375,5756781.247945738,F
642,27.404134013080707,5903507.990913329,m
643,56.35075423254942,4224731.107118366,F
644,59.687374761859445,4447827.660223366,Otro
645,77.82468081414501,2662670.9969331333,M
646,26.518071601124824,,Otro
647,42.9145841578033,5186468.930056972,f
648,15.014815561732153,,M
649,46.637789876550514,1389373.188207114,Otro
650,33.42159642199873,4099107.322824071,f
651,63.08134953789944,5177527.1110723205,Otro
652,30.704620359777017,3276402.7935694614,f
653,19.72980354439286,4471737.418950914,f
654,34.344835111569765,4290774.890516597,M
655,16.29414674539435,4770369.50644913,F
656,49.01319345408772,4056567.68539997,f
657,15.219003444924155,4342232.885193998,f
658,40.3414909741979,5491256.605729807,M
659,15.066258161725639,3975882.9153141393,F
660,36.1564263455603,2572107.479113585,m
661,59.72053786965441,6599500.685046505,m
662,44.32777469722954,2086736.9287426628,F
663,29.638076740420793,2949284.7658732575,Otro
664,39.625558132730994,5327649.366294233,M
665,40.21620246453336,3896430.275338388,F
666,45.671564150120865,4816184.658397271,m
667,23.597699640630083,4853068.954816192,f
668,47.11080728616797,4218710.639620413,m
669,7.547300420766696,3559481.2012963244,f
670,32.441385371634276,3671350.7372204885,M
671,34.140713890581466,3400569.701422509,f
672,47.59992191285486,2351107.472317619,F
673,40.27157023212243,4419386.051940774,f
674,23.13324335372456,3641088.013067098,Otro
675,28.18008249019582,5318462.478855143,F
676,42.384160114568886,619618.6204220911,M
677,39.05119189762532,3803936.1103559486,F
678,33.05051068437104,4787285.400642452,Otro
679,34.22999452585625,2144876.377041373,M
680,48.35401596591147,1836590.675634979,m
681,33.78768912556942,1430772.0080081131,Otro
682,38.94290507165112,5391218.9020316675,M
683,66.03923905696652,5078698.743216789,f
684,,3014805.093207243,F
685,17.777887221104095,,M
686,49.403075977583285,5564749.00472009,F
687,31.85628326447076,,f
688,36.181149667088555,4545525.402537122,M
689,30.62612346242663,902058.4689824078,m
690,,4248823.416504766,Otro
691,,5787573.657319214,M
692,49.62554150341743,7336646.993543233,f
693,50.34668214264373,3556816.7608380215,M
694,23.005275330488253,2842746.4762154706,F
695,26.18615516136557,4864582.314725851,M
696,5.931056086174877,5365875.006151372,m
697,30.28743014700695,4222960.351386278,M
698,51.480438236627904,6243912.795985241,Otro
699,46.20335818898045,2893673.0403321018,M
700,37.34184084457451,5331502.347637934,F
701,39.73239659538336,3772967.015089328,M
702,31.733373489095133,6563253.487448756,m
703,42.45710658882141,,f
704,49.19053935376738,3580012.0946599827,M
705,20.609358551074326,3840531.436909704,M
706,43.59577225404818,1966295.415936545,Otro
707,51.18921845145601,,m
708,35.018796532439566,619595.5940096121,f
709,48.408407345447,4530466.104650891,F
710,73.77585333367064,2196392.2125628125,M
711,38.7478864841573,1224070.9270537766,f
712,44.719684600063886,3672326.671122991,F
713,31.143314996063303,3908252.6131202737,m
714,42.17501395122461,6232358.404162577,m
715,45.52325949978765,2992191.726864892,f
716,42.33810808324166,2503046.444079561,F
717,27.76365616349372,2530751.788318199,m
718,42.47634125590541,,f
719,57.546351264611644,5448446.275262054,m
720,45.38362917417433,4908061.5534826685,m
721,,1889180.5380833189,m
722,37.15585635984847,5661821.592639433,Otro
723,,4102429.9401800125,F
724,,3765315.9185907,f
725,28.589071243753217,3197819.368130642,f
726,43.822252057586496,1273385.9753363624,F
727,28.099640038716274,8038913.3103704695,F
728,32.4054367013825,1977652.6042852553,F
729,42.27193968750849,2878710.760550374,F
730,43.56693128056149,2913050.4519077158,M
731,25.72921041907445,5078239.27406219,f
732,52.64782925419451,1403170.2703601408,M
733,46.86407533960568,5158660.602380837,m
734,31.543258772669393,4194053.0477355625,m
735,21.548982442609898,4349454.88799652,f
736,,1439126.245808358,m
737,34.64867543366608,4603071.607551997,F
738,41.35768548463627,1815405.8422773888,M
739,35.6426000661332,4224240.443309767,F
740,15.910517671059882,3478312.2788876235,m
741,35.3398367403861,4710253.702690215,M
742,36.33257066718024,8082310.803124092,F
743,47.60393229728871,,f
744,31.621603904667403,4123764.3765931227,F
745,60.144096080470796,5606161.802372702,m
746,17.060313392178916,2044374.3098520932,M
747,55.734009973631494,5004113.38854221,f
748,37.308172349462744,,M
749,50.31501846812267,1255575.289106863,f
750,40.957617808704796,3142933.8776089014,M
751,53.67466643230563,5068358.492173745,m
752,35.351656425366265,615780.3172185741,f
753,26.816554897866254,5166615.175610699,Otro
754,57.04605144725276,3397576.1862166864,M
755,38.63823224941431,3999159.823673899,M
756,,702648.4663666023,F
757,54.81702296853754,5670980.06321365,f
758,27.616537094866782,5602145.332730897,Otro
759,47.14589077167109,915041.582144856,m
760,32.92126292244531,,F
761,38.41396773226754,3648504.174300993,Otro
762,40.867347584611466,2989794.1071895985,f
763,21.997337662636767,4239579.539490756,Otro
764,30.653955486154782,4129820.6538530164,M
765,56.21287470895767,7412059.783614626,M
766,50.63429426301755,5019551.790432835,F
767,39.24832507207318,1000807.2804058542,f
768,42.917481502154715,1650895.949909733,f
769,36.46908993236251,5725659.954515278,Otro
770,56.27900062993579,2113466.6119421534,F
771,,2596820.0253144503,f
772,42.78210510561818,,M
773,53.75236172970478,6745158.210446139,Otro
774,30.67154218184912,4967537.012845085,m
775,58.70547021396273,1386760.5540492367,M
776,21.634463083079478,5141554.903346922,F
777,59.555705573353585,1337102.7131797469,f
778,35.527892992576305,4504050.607916594,M
779,,4893385.407411703,m
780,17.319877945804684,5609124.167445396,m
781,34.542463391467685,3283324.8572489545,F
782,27.52232162767739,4602824.593684032,M
783,32.708243855518326,,Otro
784,38.35226841053345,4806460.506809181,M
785,51.493499373674865,3425584.4131643707,m
786,42.49124021680751,,F
787,43.69211984081337,3305021.526251725,F
788,,5281363.490188389,Otro
789,29.430950924767238,5530141.339987999,F
790,61.584700220215744,1235473.6613268526,F
791,31.177587582841042,4545885.593952034,F
792,59.87449902468755,2761690.302439747,F
793,37.0832656134296,4140388.0223918557,F
794,40.02745523372205,4439754.459549907,m
795,,,M
796,55.26270906326388,1482179.2588512583,f
797,38.67024927665095,692434.0920472452,F
798,35.34108335774153,5696230.52815897,f
799,39.328954617733444,4836763.685388164,f
800,44.05549033878542,1094873.7814928095,m
801,50.69564424243707,4946526.5671282355,F
802,40.05075830792982,4966991.034801515,f
803,47.426635576277846,,F
804,59.66031678725129,5968282.658902354,Otro
805,44.575715347177415,5815763.080573061,Otro
806,43.73983427205734,3749187.255004545,Otro
807,21.773070098919185,1588220.7776386125,f
808,8.431238358051239,1316486.0804583388,Otro
809,44.66050875076202,3539953.722722824,m
810,38.862109224629535,4423770.510461574,m
811,33.8226079010231,963930.4940071965,f
812,42.922362450236136,39324.75825269626,F
813,39.2751552496371,4448611.942426111,M
814,53.53336300760678,1951967.4205430977,F
815,41.033330419107735,318533.7822290808,F
816,31.03692057915799,1803732.7992184737,F
817,51.881994867511466,3771959.646281644,F
818,37.39442710064557,4753540.430735367,M
819,,5940094.747712234,Otro
820,34.271071525686395,3909717.062992554,F
821,32.202077374030765,1408551.77944758,m
822,41.010018762228356,5243653.735159364,f
823,40.15394372252422,3737565.133409245,f
824,45.757924424402,3072400.0090915663,m
825,36.77625096028309,3750785.532344131,F
826,17.963682594755234,,M
827,34.80671339693934,3774306.4025541446,Otro
828,49.52582160572579,1853320.731481117,f
829,36.43148704908272,5576479.436264559,Otro
830,37.04339916982542,6029850.049534467,M
831,51.83651807087124,5281826.389607407,f
832,31.45632127289293,3134777.19549022,Otro
833,21.486361381085203,4258210.1592629785,M
834,38.072426565694066,4492174.42172465,Otro
835,34.18991258501516,5218553.267474293,F
836,28.40504416296095,5302008.586461697,M
837,37.89545852921571,1649376.4541828432,Otro
838,45.898067766961404,4598394.667696272,F
839,39.88853726118621,,F
840,43.683772872234854,6246986.78657612,M
841,61.76089238218508,5345407.847789668,m
842,35.88545366130923,5446868.024850623,f
843,43.34018361573604,4600591.9535152335,M
844,33.88943964881039,1165927.9572305032,F
845,29.843683361356327,4991715.355151396,F
846,32.981108158986764,3466694.507791715,M
847,34.25489714173974,,m
848,44.31370957056551,2140508.1808675565,f
849,68.18890944040909,3968347.174645821,Otro
850,31.407478764689916,3924608.439120908,M
851,35.000496332614446,4855890.654168914,f
852,39.24252384266502,5055821.754321101,f
853,44.749586184516964,4736750.718757448,F
854,43.16260974345742,2014980.4087905805,Otro
855,55.40914952737741,6539948.849491657,M
856,10.8832951535775,5785851.782681863,F
857,11.356841557651926,4728762.709518029,F
858,34.049461935878206,5629572.69692098,m
859,53.1676022505245,3260971.3157669525,f
860,21.212223620732843,4977512.459936171,M
861,3.9084119236749117,1512109.728336379,M
862,46.8541528746305,4238344.925529151,M
863,42.923886684432574,3482839.285657098,F
864,26.917499118406845,3717493.333688327,m
865,28.17352479134884,3192440.355189134,Otro
866,28.363075364383906,,F
867,41.326423809687284,4055390.281691965,Otro
868,32.484216685803915,,m
869,45.928767027706236,2093693.0257823756,f
870,5.744480045147306,,M
871,29.717777618466407,3410692.583823696,Otro
872,26.487352469067396,6323140.708370122,F
873,36.923911859530094,5112950.506233114,Otro
874,33.54342689811834,5736696.702748869,f
875,49.5741253587492,3710598.5353774354,M
876,17.68795874007931,5525430.272479939,Otro
877,,3189679.319525624,f
878,46.70003707854047,5568297.001003811,F
879,62.279769238743455,,m
880,34.2188083468783,5163901.46398174,F
881,43.893503252230204,3089286.473250178,M
882,18.35364648925162,3425916.189268074,F
883,11.296525548243714,5216673.861904061,F
884,,3361982.394930959,F
885,39.933276476223156,2148497.2732805545,F
886,54.142152277581076,,M
887,23.51916533236301,5517809.055200002,f
888,46.23882567434503,3020972.022277789,Otro
889,62.42581408652624,5162759.925215428,m
890,45.03646730028719,,Otro
891,43.31897806709259,3663873.81788451,Otro
892,40.1026729698922,1316587.794092656,m
893,21.149422514489054,1304120.9254780891,M
894,56.26687522852418,3853389.772568714,m
895,32.66970832233921,3289734.3791085505,M
896,46.053799076596206,2144849.169992905,Otro
897,21.24358832114496,4919580.056759632,M
898,25.846484025906634,2260658.0259612254,f
899,57.22104879066683,4614413.03932957,m
900,35.832372532505886,4183862.1407013014,f
901,57.43930571251053,5314971.330525835,Otro
902,39.06123209129779,4137545.400612163,m
903,17.89722672450571,4104662.6563834907,Otro
904,50.704811196780646,5378244.845145955,f
905,32.9212921869327,4902069.6349009415,Otro
906,48.38426576220452,2093839.6942307819,m
907,40.30253041048098,1267691.3513508034,m
908,21.482581264685557,2657313.452151473,Otro
909,41.97153718444683,5408146.415984378,m
910,66.35467770583358,5234962.552816323,m
911,45.91583750217351,3279980.2457082034,Otro
912,39.30978696393444,4207103.4315909585,f
913,52.90412082348277,4452831.254846843,m
914,42.52802158243733,4338603.858717921,m
915,42.514410763153535,4900631.959882242,m
916,26.90049793409077,,m
917,42.80617630947518,5798120.073207394,Otro
918,52.42532099700334,1161127.5147375744,f
919,29.967254174799706,1756953.9248294574,f
920,57.09394985496337,6094719.983442492,M
921,38.89952771025849,1675315.0496367796,m
922,29.346765861537513,,m
923,51.97158492304293,1817360.734280885,M
924,36.55846917114077,2054849.9209781117,f
925,49.11417864983329,4799170.314770075,F
926,36.49889641289755,5754106.168901704,F
927,,4673865.399716269,f
928,45.9227224520115,,m
929,43.490764691080074,4078302.917143521,F
930,16.053618634579138,6376096.03059853,Otro
931,26.5450751188673,,Otro
932,,1439809.4180232007,M
933,38.414360933181435,413665.22699298186,f
934,33.71522436674294,2820832.59023767,f
935,23.697111816910308,4941179.151589706,F
936,27.04316414468982,1979968.1908180509,m
937,15.73841632045663,5250609.620197243,f
938,38.784631375581604,1595249.8398895331,F
939,32.81874903302744,3789172.8532175357,F
940,28.40094530817622,4648257.235146699,f
941,39.182518897984565,6844988.920500344,F
942,44.367647570232855,3893103.954885676,M
943,65.11837518651933,3229310.8955320795,M
944,21.857398965241437,1807683.7420065268,f
945,53.912572519606265,6855104.628636953,m
946,51.67721873218086,4504434.806217417,M
947,30.650887127479592,,M
948,42.43883145503237,1904028.8991405726,f
949,34.50840100794862,1683643.6567006703,Otro
950,42.22826296502487,3917632.9975585584,F
951,58.10957216085461,5977049.415785682,M
952,47.26727479157576,6522017.134450211,Otro
953,46.1033004788013,5175457.032209226,m
954,34.83628816054429,1348410.1085828622,Otro
955,22.191320020907977,6884473.33403933,f
956,37.4983814735151,3862834.9226256427,m
957,54.479297858366984,4097834.662594258,m
958,21.67398572092423,4910805.401387546,Otro
959,27.33892758187966,6364992.504857729,f
960,41.51521283480882,5524771.171862668,M
961,28.18414258183285,4997838.600434293,Otro
962,,5055946.236141727,M
963,34.91681701926188,4552217.602372159,Otro
964,23.612591149718206,5169767.417422207,M
965,,1464527.906766836,Otro
966,48.441135001447705,4144071.0491162417,m
967,24.311562613228432,,F
968,20.825534386061946,3118783.0996565917,m
969,32.439700245593265,4963587.981373872,M
970,48.78346603011815,4254634.534816654,f
971,37.63693830403732,6606570.837978588,m
972,34.42502706261258,1838937.6597654538,F
973,40.53230557018728,3941033.317058204,M
974,19.051510805684174,4318994.746119966,m
975,45.93646784530039,4411262.921269928,Otro
976,44.60122037684373,3958008.628608453,f
977,35.08829831085134,4734029.980833752,M
978,52.071094141557,,m
979,26.470046812563535,,M
980,53.53490791904283,5247253.468680322,Otro
981,41.85392398714301,5255435.5010661725,F
982,35.96136892146192,1871063.745535946,m
983,39.761516375580264,5574426.516915119,M
984,38.7128228102687,3742106.725001602,M
985,54.6433947570126,4803798.285645577,M
986,27.07985047034784,5484412.815134947,F
987,30.849769130240823,,M
988,52.435634704869756,5045689.094569361,f
989,32.85358077779369,3880284.4273349135,f
990,50.8063969279791,1775742.6880202338,M
991,60.393231796104516,1521801.223186227,f
992,35.1784596767004,3604105.9841517136,m
993,48.176347918903666,4287871.004261062,f
994,26.1556926239217,2641658.041363504,M
995,49.05679957681371,3910615.5034294743,Otro
996,42.39308783184121,4158149.4079563953,m
997,45.676459385922584,1194115.4545473573,F
998,32.25313513557526,4210203.064955065,M
999,20.06699901319393,1285348.88774137,F
1000,46.039024776994054,5075329.821703277,Otro
